<!DOCTYPE mapper
        PUBLIC "-//mybatis.org//DTD Mapper 3.0//EN"
        "http://mybatis.org/dtd/mybatis-3-mapper.dtd">
        
<mapper namespace="net.softsociety.spring5.dao.BoardDAO">
<!-- 글쓰기 && 게시글 저장 -->
<insert id="write" parameterType ="Board">
	insert into spring5_board(boardnum, title, memberid, contents<if test="originalfile!=null and savedfile!=null">,originalfile,savedfile</if>)
 				  values (spring5_board_seq.nextval,#{title},#{memberid},#{contents}<if test="originalfile!=null and savedfile!=null">,#{originalfile},#{savedfile}</if>)
</insert>

<!-- 게시판 목록 -->
<select id="blist" resultType="Board" parameterType="Board">
	select boardnum, title, memberid, hits, to_char(inputdate,'YYYY-MM-DD')inputdate from spring5_board order by boardnum desc
</select>

<!-- 게시물 읽기 -->
<select id="read" resultType="Board" parameterType="int" >
	select * from spring5_board where boardnum = #{boardnum}
</select>

<!-- 조회수 증가 -->
<update id="uphits" parameterType="int">
	update spring5_board set hits = hits+1 where boardnum=#{boardnum}
</update>

<!-- 글 삭제 -->
<delete id="deleteBoard" parameterType="Board">
	delete from spring5_board where boardnum=#{boardnum} and memberid = #{memberid}
</delete>

<!-- 글 수정  -->
<update id="update" parameterType="Board">
	update spring5_board set title=#{title} , contents=#{contents} where boardnum=#{boardnum} and memberid=#{memberid}
</update>
</mapper>

